type,name,dc:coverage,dc:description,dc:nature,dc:subjects,dc:title
File,comradely-invoices,Bolivia,tractable kerr wintered,pressReview,biology,comradely-invoices
File,typists-antiphonal,Argentina,brandishing wrote stocking,contract,geography,typists-antiphonal
File,amiable-mule,asia,estoppal alligators shore,serviceCertificate,logic,amiable-mule
File,wither-northumberland,Cayman_Islands,invader tacobell archeology,leaveApplication,robotic,wither-northumberland
File,irruption-readable,British_Indian_Ocean_Territory_Chagos_Archipelago,hughes brushy pirogue,email,chemistry,irruption-readable
File,bona-illuminating,asia,st vulnerability destroying,note,art history,bona-illuminating
File,belligerently-affable,antarctica,lockheed pulsing ramp,notification,gardening,belligerently-affable
File,machined-casteth,oceania,correctly crocodile condones,fax,physic,machined-casteth
File,frightfully-fiddlestick,Algeria,furthermost virtually corwin,trainingApplication,technology,frightfully-fiddlestick
File,treaties-blackjack,Albania,macromolecule multiplicity reticulated,medicalCertificate,geography,treaties-blackjack
File,missions-oratories,Cape_Verde,yiddish lewdly quaternary,order,medicine,missions-oratories
File,katz-whittle,Bahrain,correspondences smitten arraignment,accomodationApplicationForm,photography,katz-whittle
File,timetable-editors,north-america,cyclone jutish dungeons,quotation,society,timetable-editors
File,tigris-purple,Antigua_and_Barbuda,cancelling tipping kidnappings,note,company,tigris-purple
File,interrelate-bigblue,British_Virgin_Islands,hates proscenium alterations,certificate,politic,interrelate-bigblue
File,grassed-shuttle,Australia,zsmj2v superintendents moderation,invoice,cinema,grassed-shuttle
File,multiprocessor-rsvp,antarctica,changes cornea spades,order,energy,multiprocessor-rsvp
File,collarbone-cloak,Burundi,bedposts kettle intensively,leaveApplication,information,collarbone-cloak
File,imperial-dragonhead,antarctica,superimposed falling sanguine,decree,education,imperial-dragonhead
File,flatiron-grieves,africa,visor grills relentlessly,internshipReport,religion,flatiron-grieves
File,canceling-stimuli,Cameroon,burrowed dimensioning fighting,application,danse,canceling-stimuli
File,whom-musicology,Andorra,editions oligopoly strips,loanApplication,music,whom-musicology
File,recite-andesine,Azerbaijan,hypotheses grandma cumming,deliveryNote,information,recite-andesine
File,enforcing-esteems,Bolivia,bilharziasis provisioned periwinkle,procedure,religion,enforcing-esteems
File,immaculately-retort,Bhutan,interlace bootstrap wilcox,fax,company,immaculately-retort
File,surmounting-calcine,Cayman_Islands,stroboscopic virtual outlets,convocation,psychology,surmounting-calcine
File,turbidity-yearnings,Bouvet_Island_Bouvetoya,repulsions blew 2nd,endorsement,games,turbidity-yearnings
File,stove-iloveyou,europe,tyburn stropping implementor,notification,danse,stove-iloveyou
